{
  "usuarios": [
    {
      "id": "1",
      "nombre": "Admin",
      "contrasena": "admin1234",
      "rol": "admin"
    },
    {
      "id": "2",
      "nombre": "Antonio",
      "contrasena": "antonio1234",
      "rol": "user",
      "pedidos": []
    },
    {
      "id": "3",
      "nombre": "Alvaro",
      "contrasena": "Alvaro1234",
      "rol": "user",
      "pedidos": []
    },
    {
      "id": "4",
      "nombre": "Luisa",
      "contrasena": "luisa1213",
      "rol": "user",
      "pedidos": []
    },
    {
      "id": "5",
      "nombre": "Carlos",
      "contrasena": "carlos1415",
      "rol": "user",
      "pedidos": []
    },
    {
      "id": "6",
      "nombre": "Ana",
      "contrasena": "ana1617",
      "rol": "user",
      "pedidos": []
    },
    {
      "id": "7",
      "nombre": "Pedro",
      "contrasena": "pedro1819",
      "rol": "user",
      "pedidos": []
    },
    {
      "id": "8",
      "nombre": "Sofia",
      "contrasena": "sofia2021",
      "rol": "user",
      "pedidos": []
    },
    {
      "id": "9",
      "nombre": "Luis",
      "contrasena": "luis2223",
      "rol": "user",
      "pedidos": []
    },
    {
      "id": "10",
      "nombre": "Marta",
      "contrasena": "marta2425",
      "rol": "user",
      "pedidos": []
    },
    {
      "id": "11",
      "nombre": "Rafael",
      "contrasena": "rafael2627",
      "rol": "user",
      "pedidos": []
    },
    {
      "id": "12",
      "nombre": "Clara",
      "contrasena": "clara2829",
      "rol": "user",
      "pedidos": []
    },
    {
      "id": "13",
      "nombre": "Jorge",
      "contrasena": "jorge3031",
      "rol": "user",
      "pedidos": []
    },
    {
      "id": "14",
      "nombre": "Elena",
      "contrasena": "elena3233",
      "rol": "user",
      "pedidos": []
    },
    {
      "id": "15",
      "nombre": "Manuel",
      "contrasena": "manuel3435",
      "rol": "user",
      "pedidos": []
    },
    {
      "id": "16",
      "nombre": "Isabel",
      "contrasena": "isabel3637",
      "rol": "user",
      "pedidos": []
    },
    {
      "id": "17",
      "nombre": "Ricardo",
      "contrasena": "ricardo3839",
      "rol": "user",
      "pedidos": []
    },
    {
      "id": "18",
      "nombre": "Beatriz",
      "contrasena": "beatriz4041",
      "rol": "user",
      "pedidos": []
    },
    {
      "id": "19",
      "nombre": "Fernando",
      "contrasena": "fernando4243",
      "rol": "user",
      "pedidos": []
    },
    {
      "id": "20",
      "nombre": "Paula",
      "contrasena": "paula4445",
      "rol": "user",
      "pedidos": []
    },
    {
      "id": "21",
      "nombre": "Adrian",
      "contrasena": "adrian4647",
      "rol": "user",
      "pedidos": []
    },
    {
      "id": "22",
      "nombre": "Sara",
      "contrasena": "sara4849",
      "rol": "user",
      "pedidos": []
    },
    {
      "id": "23",
      "nombre": "Hector",
      "contrasena": "hector5051",
      "rol": "user",
      "pedidos": []
    },
    {
      "id": "24",
      "nombre": "Carmen",
      "contrasena": "carmen5253",
      "rol": "user",
      "pedidos": []
    },
    {
      "id": "25",
      "nombre": "Pablo",
      "contrasena": "pablo5455",
      "rol": "user",
      "pedidos": []
    },
    {
      "id": "26",
      "nombre": "Raquel",
      "contrasena": "raquel5657",
      "rol": "user",
      "pedidos": []
    },
    {
      "id": "27",
      "nombre": "Diego",
      "contrasena": "diego5859",
      "rol": "user",
      "pedidos": []
    },
    {
      "id": "28",
      "nombre": "Natalia",
      "contrasena": "natalia6061",
      "rol": "user",
      "pedidos": []
    },
    {
      "id": "29",
      "nombre": "Javier",
      "contrasena": "javier6263",
      "rol": "user",
      "pedidos": []
    },
    {
      "id": "30",
      "nombre": "Eva",
      "contrasena": "eva6465",
      "rol": "user",
      "pedidos": []
    }
  ],
  "articulos": [
    {
      "id": "1",
      "nombre": "Televisión",
      "descripcion": "Para ver las olimpiadas",
      "precio": 500,
      "stock": 10
    },
    {
      "id": "2",
      "nombre": "Movil Smartphone",
      "descripcion": "Movil Smartphone",
      "precio": 600,
      "stock": 400
    },
    {
      "id": "3",
      "nombre": "Prueba",
      "descripcion": "descripcion",
      "precio": 1,
      "stock": 1
    },
    {
      "id": "4",
      "nombre": "Tablet",
      "descripcion": "Para leer y navegar",
      "precio": 300,
      "stock": 20
    },
    {
      "id": "5",
      "nombre": "Auriculares",
      "descripcion": "Para escuchar música",
      "precio": 150,
      "stock": 50
    },
    {
      "id": "6",
      "nombre": "Cámara",
      "descripcion": "Para capturar momentos",
      "precio": 600,
      "stock": 12
    },
    {
      "id": "7",
      "nombre": "Impresora",
      "descripcion": "Para imprimir documentos",
      "precio": 200,
      "stock": 25
    },
    {
      "id": "8",
      "nombre": "Monitor",
      "descripcion": "Para ver en alta definición",
      "precio": 250,
      "stock": 18
    },
    {
      "id": "9",
      "nombre": "Teclado",
      "descripcion": "Para escribir cómodamente",
      "precio": 70,
      "stock": 40
    },
    {
      "id": "10",
      "nombre": "Ratón",
      "descripcion": "Para navegar en la computadora",
      "precio": 50,
      "stock": 60
    },
    {
      "id": "11",
      "nombre": "Altavoces",
      "descripcion": "Para amplificar sonido",
      "precio": 120,
      "stock": 30
    },
    {
      "id": "12",
      "nombre": "Smartwatch",
      "descripcion": "Para estar siempre conectado",
      "precio": 200,
      "stock": 22
    },
    {
      "id": "13",
      "nombre": "Router",
      "descripcion": "Para conectividad Wi-Fi",
      "precio": 80,
      "stock": 35
    },
    {
      "id": "14",
      "nombre": "Disco Duro",
      "descripcion": "Para almacenamiento extra",
      "precio": 100,
      "stock": 28
    },
    {
      "id": "15",
      "nombre": "Memoria USB",
      "descripcion": "Para transferir archivos",
      "precio": 20,
      "stock": 100
    },
    {
      "id": "16",
      "nombre": "Consola de Videojuegos",
      "descripcion": "Para entretenimiento",
      "precio": 400,
      "stock": 14
    },
    {
      "id": "17",
      "nombre": "Microondas",
      "descripcion": "Para calentar comida",
      "precio": 150,
      "stock": 25
    },
    {
      "id": "18",
      "nombre": "Refrigerador",
      "descripcion": "Para conservar alimentos",
      "precio": 800,
      "stock": 8
    },
    {
      "id": "19",
      "nombre": "Lavadora",
      "descripcion": "Para lavar ropa",
      "precio": 700,
      "stock": 10
    },
    {
      "id": "20",
      "nombre": "Aspiradora",
      "descripcion": "Para limpiar la casa",
      "precio": 180,
      "stock": 20
    },
    {
      "id": "a934",
      "nombre": "pueba desde admin",
      "descripcion": "esto es una prueba",
      "precio": 1000,
      "stock": 100
    }
  ],
  "pedidos": [
    {
      "id": "340x",
      "nombre": "pedidoAnt",
      "fecha": "2024-07-30",
      "usuario": "Antonio",
      "total": 1100,
      "articulos": [
        {
          "id": "2",
          "nombre": "Movil Smartphone",
          "descripcion": "Movil Smartphone",
          "precio": 600,
          "stock": 10,
          "cantidad": 1,
          "precioTotal": 600
        },
        {
          "id": "1",
          "nombre": "Televisión",
          "descripcion": "Para ver las olimpiadas",
          "precio": 500,
          "cantidad": 1,
          "precioTotal": 500
        }
      ]
    },
    {
      "id": "245h",
      "nombre": "prueba",
      "fecha": "2024-07-30",
      "usuario": "Admin",
      "total": 1200,
      "articulos": [
        {
          "id": "2",
          "nombre": "Movil Smartphone",
          "descripcion": "Movil Smartphone",
          "precio": 600,
          "stock": 399,
          "cantidad": 1,
          "precioTotal": 600
        },
        {
          "id": "2",
          "nombre": "Movil Smartphone",
          "descripcion": "Movil Smartphone",
          "precio": 600,
          "stock": 398,
          "cantidad": 1,
          "precioTotal": 600
        }
      ]
    },
    {
      "id": "1",
      "nombre": "Televisión",
      "fecha": "2024-07-30",
      "articulos": [
        {
          "id": "1",
          "nombre": "Televisión",
          "descripcion": "Para ver las olimpiadas",
          "precio": 500,
          "stock": 9,
          "cantidad": 1,
          "precioTotal": 500
        }
      ],
      "usuario": "Usuario1",
      "total": 500
    }
  ]
}