{
  "users": [
    {
      "id": "0cd2",
      "username": "antonio",
      "password": "aaaa"
    },
    {
      "id": "9f2d",
      "username": "angie",
      "password": "aaaa"
    },
    {
      "id": "aa14",
      "username": "timon",
      "password": "aaaa"
    },
    {
      "id": "aa61",
      "username": "pumba",
      "password": "aaaa"
    }
  ],
  "articulos": [
    {
      "id": "1",
      "nombre": "Articulo 12",
      "precio": 10,
      "stock": 100
    },
    {
      "id": "a82a",
      "nombre": "articulo 3",
      "precio": 2,
      "stock": 2
    },
    {
      "id": "cfdb",
      "nombre": "Zapatillas",
      "precio": 25,
      "stock": 100
    }
  ],
  "pedidos": [
    {
      "id": "1",
      "fecha": "2024-07-29",
      "nombre": "Pedido 1",
      "articulos": [
        {
          "articulo": {
            "id": 1,
            "nombre": "Articulo 1",
            "precio": 10,
            "stock": 100
          },
          "cantidad": 2
        },
        {
          "articulo": {
            "id": 2,
            "nombre": "Articulo 2",
            "precio": 20,
            "stock": 50
          },
          "cantidad": 1
        }
      ]
    }
  ]
}