{
  "hash": "6df29471",
  "configHash": "492e94c6",
  "lockfileHash": "0a686e9e",
  "browserHash": "718997ef",
  "optimized": {
    "@angular/common": {
      "src": "../../../../../node_modules/@angular/common/fesm2022/common.mjs",
      "file": "@angular_common.js",
      "fileHash": "67dbbd57",
      "needsInterop": false
    },
    "@angular/common/http": {
      "src": "../../../../../node_modules/@angular/common/fesm2022/http.mjs",
      "file": "@angular_common_http.js",
      "fileHash": "ee643a8e",
      "needsInterop": false
    },
    "@angular/core": {
      "src": "../../../../../node_modules/@angular/core/fesm2022/core.mjs",
      "file": "@angular_core.js",
      "fileHash": "0b21390f",
      "needsInterop": false
    },
    "@angular/forms": {
      "src": "../../../../../node_modules/@angular/forms/fesm2022/forms.mjs",
      "file": "@angular_forms.js",
      "fileHash": "01fe2235",
      "needsInterop": false
    },
    "@angular/platform-browser": {
      "src": "../../../../../node_modules/@angular/platform-browser/fesm2022/platform-browser.mjs",
      "file": "@angular_platform-browser.js",
      "fileHash": "5a39161c",
      "needsInterop": false
    },
    "@angular/router": {
      "src": "../../../../../node_modules/@angular/router/fesm2022/router.mjs",
      "file": "@angular_router.js",
      "fileHash": "a5fa92fb",
      "needsInterop": false
    },
    "rxjs": {
      "src": "../../../../../node_modules/rxjs/dist/esm5/index.js",
      "file": "rxjs.js",
      "fileHash": "3ed252f5",
      "needsInterop": false
    },
    "rxjs/operators": {
      "src": "../../../../../node_modules/rxjs/dist/esm5/operators/index.js",
      "file": "rxjs_operators.js",
      "fileHash": "920048ad",
      "needsInterop": false
    }
  },
  "chunks": {
    "chunk-KM5F3TIQ": {
      "file": "chunk-KM5F3TIQ.js"
    },
    "chunk-76HSSW73": {
      "file": "chunk-76HSSW73.js"
    },
    "chunk-2ZW3JMM3": {
      "file": "chunk-2ZW3JMM3.js"
    },
    "chunk-HK36PQH6": {
      "file": "chunk-HK36PQH6.js"
    },
    "chunk-3QDXXWSV": {
      "file": "chunk-3QDXXWSV.js"
    },
    "chunk-JQVUVCZQ": {
      "file": "chunk-JQVUVCZQ.js"
    },
    "chunk-SPHTOIAV": {
      "file": "chunk-SPHTOIAV.js"
    }
  }
}